NODE_1_length_58499_cov_4.208781,7996,C,T,225.421,25,T.1,missense_variant,MODERATE,KAGFDIAF_00010,GENE_KAGFDIAF_00010,transcript,TRANSCRIPT_KAGFDIAF_00010,protein_coding,1/1,c.569C>T,p.Thr190Met,569/738,569/738.1,190/245,Unnamed: 20,Unnamed: 21,T.2,upstream_gene_variant,MODIFIER,KAGFDIAF_00011,GENE_KAGFDIAF_00011,transcript.1,TRANSCRIPT_KAGFDIAF_00011,protein_coding.1,Unnamed: 30,c.-166C>T,Unnamed: 32,Unnamed: 33,Unnamed: 34,Unnamed: 35,166,Unnamed: 37,T.3,upstream_gene_variant.1,MODIFIER.1,KAGFDIAF_00012,GENE_KAGFDIAF_00012,transcript.2,TRANSCRIPT_KAGFDIAF_00012,protein_coding.2,Unnamed: 46,c.-372C>T,Unnamed: 48,Unnamed: 49,Unnamed: 50,Unnamed: 51,372,Unnamed: 53,T.4,upstream_gene_variant.2,MODIFIER.2,KAGFDIAF_00013,GENE_KAGFDIAF_00013,transcript.3,TRANSCRIPT_KAGFDIAF_00013,protein_coding.3,Unnamed: 62,c.-848C>T,Unnamed: 64,Unnamed: 65,Unnamed: 66,Unnamed: 67,848,Unnamed: 69,T.5,upstream_gene_variant.3,MODIFIER.3,KAGFDIAF_00014,GENE_KAGFDIAF_00014,transcript.4,TRANSCRIPT_KAGFDIAF_00014,protein_coding.4,Unnamed: 78,c.-2788C>T,Unnamed: 80,Unnamed: 81,Unnamed: 82,Unnamed: 83,2788,Unnamed: 85,T.6,upstream_gene_variant.4,MODIFIER.4,KAGFDIAF_00015,GENE_KAGFDIAF_00015,transcript.5,TRANSCRIPT_KAGFDIAF_00015,protein_coding.5,Unnamed: 94,c.-3342C>T,Unnamed: 96,Unnamed: 97,Unnamed: 98,Unnamed: 99,3342,Unnamed: 101,T.7,upstream_gene_variant.5,MODIFIER.5,KAGFDIAF_00018,null,transcript.6,KAGFDIAF_02812,protein_coding.6,Unnamed: 110,c.-100C>T,Unnamed: 112,Unnamed: 113,Unnamed: 114,Unnamed: 115,101,WARNING_TRANSCRIPT_NO_START_CODON,T.8,upstream_gene_variant.6,MODIFIER.6,KAGFDIAF_00018.1,null.1,transcript.7,KAGFDIAF_02813,protein_coding.7,Unnamed: 126,c.-181C>T,Unnamed: 128,Unnamed: 129,Unnamed: 130,Unnamed: 131,182,WARNING_TRANSCRIPT_NO_START_CODON.1,T.9,upstream_gene_variant.7,MODIFIER.7,KAGFDIAF_00018.2,null.2,transcript.8,KAGFDIAF_01181,protein_coding.8,Unnamed: 142,c.-575C>T,Unnamed: 144,Unnamed: 145,Unnamed: 146,Unnamed: 147,576,WARNING_TRANSCRIPT_NO_START_CODON.2,T.10,upstream_gene_variant.8,MODIFIER.8,KAGFDIAF_00018.3,null.3,transcript.9,KAGFDIAF_00835,protein_coding.9,Unnamed: 158,c.-3934C>T,Unnamed: 160,Unnamed: 161,Unnamed: 162,Unnamed: 163,3935,WARNING_TRANSCRIPT_NO_START_CODON.3,T.11,downstream_gene_variant,MODIFIER.9,KAGFDIAF_00003,GENE_KAGFDIAF_00003,transcript.10,TRANSCRIPT_KAGFDIAF_00003,protein_coding.10,Unnamed: 174,c.*4515C>T,Unnamed: 176,Unnamed: 177,Unnamed: 178,Unnamed: 179,4515,Unnamed: 181,T.12,downstream_gene_variant.1,MODIFIER.10,KAGFDIAF_00004,GENE_KAGFDIAF_00004,transcript.11,TRANSCRIPT_KAGFDIAF_00004,protein_coding.11,Unnamed: 190,c.*3813C>T,Unnamed: 192,Unnamed: 193,Unnamed: 194,Unnamed: 195,3813,Unnamed: 197,T.13,downstream_gene_variant.2,MODIFIER.11,KAGFDIAF_00005,GENE_KAGFDIAF_00005,transcript.12,TRANSCRIPT_KAGFDIAF_00005,protein_coding.12,Unnamed: 206,c.*2963C>T,Unnamed: 208,Unnamed: 209,Unnamed: 210,Unnamed: 211,2963,Unnamed: 213,T.14,downstream_gene_variant.3,MODIFIER.12,KAGFDIAF_00006,GENE_KAGFDIAF_00006,transcript.13,TRANSCRIPT_KAGFDIAF_00006,protein_coding.13,Unnamed: 222,c.*2517C>T,Unnamed: 224,Unnamed: 225,Unnamed: 226,Unnamed: 227,2517,Unnamed: 229,T.15,downstream_gene_variant.4,MODIFIER.13,KAGFDIAF_00007,GENE_KAGFDIAF_00007,transcript.14,TRANSCRIPT_KAGFDIAF_00007,protein_coding.14,Unnamed: 238,c.*1905C>T,Unnamed: 240,Unnamed: 241,Unnamed: 242,Unnamed: 243,1905,Unnamed: 245,T.16,downstream_gene_variant.5,MODIFIER.14,KAGFDIAF_00008,GENE_KAGFDIAF_00008,transcript.15,TRANSCRIPT_KAGFDIAF_00008,protein_coding.15,Unnamed: 254,c.*1269C>T,Unnamed: 256,Unnamed: 257,Unnamed: 258,Unnamed: 259,1269,Unnamed: 261,T.17,downstream_gene_variant.6,MODIFIER.15,KAGFDIAF_00009,GENE_KAGFDIAF_00009,transcript.16,TRANSCRIPT_KAGFDIAF_00009,protein_coding.16,Unnamed: 270,c.*610C>T,Unnamed: 272,Unnamed: 273,Unnamed: 274,Unnamed: 275,610,Unnamed: 277,T.18,downstream_gene_variant.7,MODIFIER.16,KAGFDIAF_00016,GENE_KAGFDIAF_00016,transcript.17,TRANSCRIPT_KAGFDIAF_00016,protein_coding.17,Unnamed: 286,c.*4605G>A,Unnamed: 288,Unnamed: 289,Unnamed: 290,Unnamed: 291,4605,Unnamed: 293,T.19,downstream_gene_variant.8,MODIFIER.17,KAGFDIAF_00018.4,null.4,transcript.18,KAGFDIAF_03225,protein_coding.18,Unnamed: 302,c.*4701C>T,Unnamed: 304,Unnamed: 305,Unnamed: 306,Unnamed: 307,4701,WARNING_TRANSCRIPT_NO_START_CODON.4,T.20,downstream_gene_variant.9,MODIFIER.18,KAGFDIAF_00018.5,null.5,transcript.19,KAGFDIAF_03648,protein_coding.19,Unnamed: 318,c.*4414C>T,Unnamed: 320,Unnamed: 321,Unnamed: 322,Unnamed: 323,4414,WARNING_TRANSCRIPT_NO_START_CODON.5,T.21,downstream_gene_variant.10,MODIFIER.19,KAGFDIAF_00018.6,null.6,transcript.20,KAGFDIAF_03649,protein_coding.20,Unnamed: 334,c.*4321C>T,Unnamed: 336,Unnamed: 337,Unnamed: 338,Unnamed: 339,4321,WARNING_TRANSCRIPT_NO_START_CODON.6,T.22,downstream_gene_variant.11,MODIFIER.20,KAGFDIAF_00018.7,null.7,transcript.21,KAGFDIAF_03650,protein_coding.21,Unnamed: 350,c.*4130C>T,Unnamed: 352,Unnamed: 353,Unnamed: 354,Unnamed: 355,4130,WARNING_TRANSCRIPT_NO_START_CODON.7,T.23,downstream_gene_variant.12,MODIFIER.21,KAGFDIAF_00018.8,null.8,transcript.22,KAGFDIAF_03651,protein_coding.22,Unnamed: 366,c.*4048C>T,Unnamed: 368,Unnamed: 369,Unnamed: 370,Unnamed: 371,4048,WARNING_TRANSCRIPT_NO_START_CODON.8,T.24,downstream_gene_variant.13,MODIFIER.22,KAGFDIAF_00018.9,null.9,transcript.23,KAGFDIAF_03510,protein_coding.23,Unnamed: 382,c.*3892C>T,Unnamed: 384,Unnamed: 385,Unnamed: 386,Unnamed: 387,3892,WARNING_TRANSCRIPT_NO_START_CODON.9,T.25,downstream_gene_variant.14,MODIFIER.23,KAGFDIAF_00018.10,null.10,transcript.24,KAGFDIAF_02765,protein_coding.24,Unnamed: 398,c.*2819C>T,Unnamed: 400,Unnamed: 401,Unnamed: 402,Unnamed: 403,2819,WARNING_TRANSCRIPT_NO_START_CODON.10,T.26,downstream_gene_variant.15,MODIFIER.24,KAGFDIAF_00018.11,null.11,transcript.25,KAGFDIAF_02644,protein_coding.25,Unnamed: 414,c.*2597C>T,Unnamed: 416,Unnamed: 417,Unnamed: 418,Unnamed: 419,2597,WARNING_TRANSCRIPT_NO_START_CODON.11,T.27,downstream_gene_variant.16,MODIFIER.25,KAGFDIAF_00018.12,null.12,transcript.26,KAGFDIAF_03093,protein_coding.26,Unnamed: 430,c.*1011C>T,Unnamed: 432,Unnamed: 433,Unnamed: 434,Unnamed: 435,1011,WARNING_TRANSCRIPT_NO_START_CODON.12,T.28,downstream_gene_variant.17,MODIFIER.26,KAGFDIAF_00018.13,null.13,transcript.27,KAGFDIAF_02547,protein_coding.27,Unnamed: 446,c.*531C>T,Unnamed: 448,Unnamed: 449,Unnamed: 450,Unnamed: 451,531,WARNING_TRANSCRIPT_NO_START_CODON.13,T.29,downstream_gene_variant.18,MODIFIER.27,KAGFDIAF_00018.14,null.14,transcript.28,KAGFDIAF_02768,protein_coding.28,Unnamed: 462,c.*410C>T,Unnamed: 464,Unnamed: 465,Unnamed: 466,Unnamed: 467,410,WARNING_TRANSCRIPT_NO_START_CODON.14,T.30,intragenic_variant,MODIFIER.28,KAGFDIAF_00018.15,null.15,gene_variant,null.16,Unnamed: 477,Unnamed: 478,n.7996C>T,Unnamed: 480,Unnamed: 481,Unnamed: 482,Unnamed: 483,Unnamed: 484,Unnamed: 485
NODE_1_length_58499_cov_4.208781,19176,A,T,225.417,28.0,T,stop_lost&splice_region_variant,HIGH,KAGFDIAF_00021,GENE_KAGFDIAF_00021,transcript,TRANSCRIPT_KAGFDIAF_00021,protein_coding,1/1,c.575A>T,p.Ter192Leuext*?,575/576,575/576,192/191,,,T,upstream_gene_variant,MODIFIER,KAGFDIAF_00019,GENE_KAGFDIAF_00019,transcript,TRANSCRIPT_KAGFDIAF_00019,protein_coding,,c.-1003T>A,,,,,1003,,T,upstream_gene_variant,MODIFIER,KAGFDIAF_00020,GENE_KAGFDIAF_00020,transcript,TRANSCRIPT_KAGFDIAF_00020,protein_coding,,c.-756T>A,,,,,756.0,,T,upstream_gene_variant,MODIFIER,KAGFDIAF_00022,GENE_KAGFDIAF_00022,transcript,TRANSCRIPT_KAGFDIAF_00022,protein_coding,,c.-29A>T,,,,,29.0,,T,upstream_gene_variant,MODIFIER,KAGFDIAF_00025,GENE_KAGFDIAF_00025,transcript,TRANSCRIPT_KAGFDIAF_00025,protein_coding,,c.-2890A>T,,,,,2890.0,,T,upstream_gene_variant,MODIFIER,KAGFDIAF_00026,GENE_KAGFDIAF_00026,transcript,TRANSCRIPT_KAGFDIAF_00026,protein_coding,,c.-3613A>T,,,,,3613.0,WARNING_TRANSCRIPT_NO_START_CODON,T,upstream_gene_variant,MODIFIER,KAGFDIAF_00018,,transcript,KAGFDIAF_00363,protein_coding,,c.-1193A>T,,,,,1194.0,WARNING_TRANSCRIPT_NO_START_CODON,T,upstream_gene_variant,MODIFIER,KAGFDIAF_00018,,transcript,KAGFDIAF_00709,protein_coding,,c.-4254A>T,,,,,4255.0,WARNING_TRANSCRIPT_NO_START_CODON,T,downstream_gene_variant,MODIFIER,KAGFDIAF_00017,GENE_KAGFDIAF_00017,transcript,TRANSCRIPT_KAGFDIAF_00017,protein_coding,,c.*3017A>T,,,,,3017.0,,T,downstream_gene_variant,MODIFIER,KAGFDIAF_00018,,transcript,KAGFDIAF_00018,protein_coding,,c.*2838A>T,,,,,2838.0,WARNING_TRANSCRIPT_NO_START_CODON,T,downstream_gene_variant,MODIFIER,KAGFDIAF_00023,GENE_KAGFDIAF_00023,transcript,TRANSCRIPT_KAGFDIAF_00023,protein_coding,,c.*572T>A,,,,,572.0,,T,downstream_gene_variant,MODIFIER,KAGFDIAF_00024,GENE_KAGFDIAF_00024,transcript,TRANSCRIPT_KAGFDIAF_00024,protein_coding,,c.*981T>A,,,,,981.0,,T,downstream_gene_variant,MODIFIER,KAGFDIAF_00018,,transcript,KAGFDIAF_01800,protein_coding,,c.*4529A>T,,,,,4529.0,WARNING_TRANSCRIPT_NO_START_CODON,T,downstream_gene_variant,MODIFIER,KAGFDIAF_00018,,transcript,KAGFDIAF_00820,protein_coding,,c.*3160A>T,,,,,3160.0,WARNING_TRANSCRIPT_NO_START_CODON,T,downstream_gene_variant,MODIFIER,KAGFDIAF_00018,,transcript,KAGFDIAF_00993,protein_coding,,c.*795A>T,,,,,795.0,WARNING_TRANSCRIPT_NO_START_CODON,T,intragenic_variant,MODIFIER,KAGFDIAF_00018,,gene_variant,,,,n.19176A>T,,,,,,,,,,,,,,,,,,,,,,,,,,,,,,,,,,,,,,,,,,,,,,,,,,,,,,,,,,,,,,,,,,,,,,,,,,,,,,,,,,,,,,,,,,,,,,,,,,,,,,,,,,,,,,,,,,,,,,,,,,,,,,,,,,,,,,,,,,,,,,,,,,,,,,,,,,,,,,,,,,,,,,,,,,,,,,,,,,,,,,,,,,,,,,,,,,,,,,,,,,,,,,,,,,,,,,,,,,,,,,,,,,,,,,
NODE_2_length_51549_cov_4.432322,36552,GGTAAGTAA,GGTAA,228.183,23.0,GGTAA,frameshift_variant,HIGH,KAGFDIAF_00083,GENE_KAGFDIAF_00083,transcript,TRANSCRIPT_KAGFDIAF_00083,protein_coding,1/1,c.383_386delGTAA,p.Ser128fs,383/468,383/468,128/155,,,GGTAA,upstream_gene_variant,MODIFIER,KAGFDIAF_00084,GENE_KAGFDIAF_00084,transcript,TRANSCRIPT_KAGFDIAF_00084,protein_coding,,c.-105_-102delGTAA,,,,,105,WARNING_TRANSCRIPT_NO_START_CODON,GGTAA,upstream_gene_variant,MODIFIER,KAGFDIAF_00086,GENE_KAGFDIAF_00086,transcript,TRANSCRIPT_KAGFDIAF_00086,protein_coding,,c.-1134_-1131delGTAA,,,,,1134.0,,GGTAA,downstream_gene_variant,MODIFIER,KAGFDIAF_00080,GENE_KAGFDIAF_00080,transcript,TRANSCRIPT_KAGFDIAF_00080,protein_coding,,c.*4173_*4176delGTAA,,,,,4173.0,,GGTAA,downstream_gene_variant,MODIFIER,KAGFDIAF_00081,GENE_KAGFDIAF_00081,transcript,TRANSCRIPT_KAGFDIAF_00081,protein_coding,,c.*2911_*2914delGTAA,,,,,2911.0,WARNING_TRANSCRIPT_NO_START_CODON,GGTAA,downstream_gene_variant,MODIFIER,KAGFDIAF_00082,GENE_KAGFDIAF_00082,transcript,TRANSCRIPT_KAGFDIAF_00082,protein_coding,,c.*574_*577delGTAA,,,,,574.0,,GGTAA,downstream_gene_variant,MODIFIER,KAGFDIAF_00085,GENE_KAGFDIAF_00085,transcript,TRANSCRIPT_KAGFDIAF_00085,protein_coding,,c.*441_*444delTTAC,,,,,444.0,,GGTAA,downstream_gene_variant,MODIFIER,KAGFDIAF_00087,GENE_KAGFDIAF_00087,transcript,TRANSCRIPT_KAGFDIAF_00087,protein_coding,,c.*2040_*2043delTTAC,,,,,2043.0,,GGTAA,downstream_gene_variant,MODIFIER,KAGFDIAF_00088,GENE_KAGFDIAF_00088,transcript,TRANSCRIPT_KAGFDIAF_00088,protein_coding,,c.*3680_*3683delTTAC,,,,,3683.0,,,,,,,,,,,,,,,,,,,,,,,,,,,,,,,,,,,,,,,,,,,,,,,,,,,,,,,,,,,,,,,,,,,,,,,,,,,,,,,,,,,,,,,,,,,,,,,,,,,,,,,,,,,,,,,,,,,,,,,,,,,,,,,,,,,,,,,,,,,,,,,,,,,,,,,,,,,,,,,,,,,,,,,,,,,,,,,,,,,,,,,,,,,,,,,,,,,,,,,,,,,,,,,,,,,,,,,,,,,,,,,,,,,,,,,,,,,,,,,,,,,,,,,,,,,,,,,,,,,,,,,,,,,,,,,,,,,,,,,,,,,,,,,,,,,,,,,,,,,,,,,,,,,,,,,,,,,,,,,,,,,,,,,,,,,,,,,,,
NODE_12_length_31822_cov_4.522649,3530,T,TG,225.417,38.0,TG,frameshift_variant,HIGH,KAGFDIAF_00408,GENE_KAGFDIAF_00408,transcript,TRANSCRIPT_KAGFDIAF_00408,protein_coding,1/1,c.1536_1537insC,p.Lys513fs,1536/1593,1536/1593,512/530,,,TG,upstream_gene_variant,MODIFIER,KAGFDIAF_00407,GENE_KAGFDIAF_00407,transcript,TRANSCRIPT_KAGFDIAF_00407,protein_coding,,c.-12_-11insC,,,,,12,,TG,upstream_gene_variant,MODIFIER,KAGFDIAF_00409,GENE_KAGFDIAF_00409,transcript,TRANSCRIPT_KAGFDIAF_00409,protein_coding,,c.-2148_-2147insG,,,,,2147.0,,TG,upstream_gene_variant,MODIFIER,KAGFDIAF_00410,GENE_KAGFDIAF_00410,transcript,TRANSCRIPT_KAGFDIAF_00410,protein_coding,,c.-4551_-4550insG,,,,,4550.0,,TG,downstream_gene_variant,MODIFIER,KAGFDIAF_00405,GENE_KAGFDIAF_00405,transcript,TRANSCRIPT_KAGFDIAF_00405,protein_coding,,c.*2231_*2232insG,,,,,2232.0,,TG,downstream_gene_variant,MODIFIER,KAGFDIAF_00406,GENE_KAGFDIAF_00406,transcript,TRANSCRIPT_KAGFDIAF_00406,protein_coding,,c.*1211_*1212insG,,,,,1212.0,,,,,,,,,,,,,,,,,,,,,,,,,,,,,,,,,,,,,,,,,,,,,,,,,,,,,,,,,,,,,,,,,,,,,,,,,,,,,,,,,,,,,,,,,,,,,,,,,,,,,,,,,,,,,,,,,,,,,,,,,,,,,,,,,,,,,,,,,,,,,,,,,,,,,,,,,,,,,,,,,,,,,,,,,,,,,,,,,,,,,,,,,,,,,,,,,,,,,,,,,,,,,,,,,,,,,,,,,,,,,,,,,,,,,,,,,,,,,,,,,,,,,,,,,,,,,,,,,,,,,,,,,,,,,,,,,,,,,,,,,,,,,,,,,,,,,,,,,,,,,,,,,,,,,,,,,,,,,,,,,,,,,,,,,,,,,,,,,,,,,,,,,,,,,,,,,,,,,,,,,,,,,,,,,,,,,,,,,,,,,,,,,
NODE_16_length_28105_cov_4.645312,23540,T,A,225.417,48.0,A,stop_gained,HIGH,KAGFDIAF_00530,GENE_KAGFDIAF_00530,transcript,TRANSCRIPT_KAGFDIAF_00530,protein_coding,1/1,c.1452T>A,p.Tyr484*,1452/1482,1452/1482,484/493,,,A,upstream_gene_variant,MODIFIER,KAGFDIAF_00531,GENE_KAGFDIAF_00531,transcript,TRANSCRIPT_KAGFDIAF_00531,protein_coding,,c.-12T>A,,,,,12,,A,upstream_gene_variant,MODIFIER,KAGFDIAF_00532,GENE_KAGFDIAF_00532,transcript,TRANSCRIPT_KAGFDIAF_00532,protein_coding,,c.-1222T>A,,,,,1222.0,,A,upstream_gene_variant,MODIFIER,KAGFDIAF_00533,GENE_KAGFDIAF_00533,transcript,TRANSCRIPT_KAGFDIAF_00533,protein_coding,,c.-2213T>A,,,,,2213.0,,A,upstream_gene_variant,MODIFIER,KAGFDIAF_00534,GENE_KAGFDIAF_00534,transcript,TRANSCRIPT_KAGFDIAF_00534,protein_coding,,c.-2595T>A,,,,,2595.0,,A,upstream_gene_variant,MODIFIER,KAGFDIAF_00535,GENE_KAGFDIAF_00535,transcript,TRANSCRIPT_KAGFDIAF_00535,protein_coding,,c.-3563T>A,,,,,3563.0,,A,downstream_gene_variant,MODIFIER,KAGFDIAF_00526,GENE_KAGFDIAF_00526,transcript,TRANSCRIPT_KAGFDIAF_00526,protein_coding,,c.*4600T>A,,,,,4600.0,,A,downstream_gene_variant,MODIFIER,KAGFDIAF_00527,GENE_KAGFDIAF_00527,transcript,TRANSCRIPT_KAGFDIAF_00527,protein_coding,,c.*3152T>A,,,,,3152.0,,A,downstream_gene_variant,MODIFIER,KAGFDIAF_00528,GENE_KAGFDIAF_00528,transcript,TRANSCRIPT_KAGFDIAF_00528,protein_coding,,c.*1792T>A,,,,,1792.0,,A,downstream_gene_variant,MODIFIER,KAGFDIAF_00529,GENE_KAGFDIAF_00529,transcript,TRANSCRIPT_KAGFDIAF_00529,protein_coding,,c.*1441T>A,,,,,1441.0,,A,downstream_gene_variant,MODIFIER,KAGFDIAF_00536,GENE_KAGFDIAF_00536,transcript,TRANSCRIPT_KAGFDIAF_00536,protein_coding,,c.*3745A>T,,,,,3745.0,,,,,,,,,,,,,,,,,,,,,,,,,,,,,,,,,,,,,,,,,,,,,,,,,,,,,,,,,,,,,,,,,,,,,,,,,,,,,,,,,,,,,,,,,,,,,,,,,,,,,,,,,,,,,,,,,,,,,,,,,,,,,,,,,,,,,,,,,,,,,,,,,,,,,,,,,,,,,,,,,,,,,,,,,,,,,,,,,,,,,,,,,,,,,,,,,,,,,,,,,,,,,,,,,,,,,,,,,,,,,,,,,,,,,,,,,,,,,,,,,,,,,,,,,,,,,,,,,,,,,,,,,,,,,,,,,,,,,,,,,,,,,,,,,,,,,,,,,,,,,,,,,
NODE_27_length_24632_cov_4.384058,21716,TG,TGG,228.385,36.0,TGG,frameshift_variant,HIGH,KAGFDIAF_00823,GENE_KAGFDIAF_00823,transcript,TRANSCRIPT_KAGFDIAF_00823,protein_coding,1/1,c.1767dupG,p.Leu590fs,1768/1788,1768/1788,590/595,,,TGG,upstream_gene_variant,MODIFIER,KAGFDIAF_00824,GENE_KAGFDIAF_00824,transcript,TRANSCRIPT_KAGFDIAF_00824,protein_coding,,c.-48dupG,,,,,47,,TGG,upstream_gene_variant,MODIFIER,KAGFDIAF_00825,GENE_KAGFDIAF_00825,transcript,TRANSCRIPT_KAGFDIAF_00825,protein_coding,,c.-439dupG,,,,,438.0,,TGG,downstream_gene_variant,MODIFIER,KAGFDIAF_00821,GENE_KAGFDIAF_00821,transcript,TRANSCRIPT_KAGFDIAF_00821,protein_coding,,c.*3546dupG,,,,,3547.0,,TGG,downstream_gene_variant,MODIFIER,KAGFDIAF_00822,GENE_KAGFDIAF_00822,transcript,TRANSCRIPT_KAGFDIAF_00822,protein_coding,,c.*1846dupG,,,,,1847.0,,,,,,,,,,,,,,,,,,,,,,,,,,,,,,,,,,,,,,,,,,,,,,,,,,,,,,,,,,,,,,,,,,,,,,,,,,,,,,,,,,,,,,,,,,,,,,,,,,,,,,,,,,,,,,,,,,,,,,,,,,,,,,,,,,,,,,,,,,,,,,,,,,,,,,,,,,,,,,,,,,,,,,,,,,,,,,,,,,,,,,,,,,,,,,,,,,,,,,,,,,,,,,,,,,,,,,,,,,,,,,,,,,,,,,,,,,,,,,,,,,,,,,,,,,,,,,,,,,,,,,,,,,,,,,,,,,,,,,,,,,,,,,,,,,,,,,,,,,,,,,,,,,,,,,,,,,,,,,,,,,,,,,,,,,,,,,,,,,,,,,,,,,,,,,,,,,,,,,,,,,,,,,,,,,,,,,,,,,,,,,,,,,,,,,,,,,,,,,,,,
NODE_37_length_21976_cov_4.474750,3594,T,A,225.417,22.0,A,stop_lost&splice_region_variant,HIGH,KAGFDIAF_01027,GENE_KAGFDIAF_01027,transcript,TRANSCRIPT_KAGFDIAF_01027,protein_coding,1/1,c.572A>T,p.Ter191Leuext*?,572/573,572/573,191/190,,WARNING_TRANSCRIPT_NO_START_CODON,A,upstream_gene_variant,MODIFIER,KAGFDIAF_01022,GENE_KAGFDIAF_01022,transcript,TRANSCRIPT_KAGFDIAF_01022,protein_coding,,c.-2870A>T,,,,,2870,WARNING_TRANSCRIPT_NO_START_CODON,A,upstream_gene_variant,MODIFIER,KAGFDIAF_01025,GENE_KAGFDIAF_01025,transcript,TRANSCRIPT_KAGFDIAF_01025,protein_coding,,c.-591A>T,,,,,591.0,,A,upstream_gene_variant,MODIFIER,KAGFDIAF_01026,GENE_KAGFDIAF_01026,transcript,TRANSCRIPT_KAGFDIAF_01026,protein_coding,,c.-128A>T,,,,,128.0,,A,downstream_gene_variant,MODIFIER,KAGFDIAF_01021,GENE_KAGFDIAF_01021,transcript,TRANSCRIPT_KAGFDIAF_01021,protein_coding,,c.*3308T>A,,,,,3308.0,,A,downstream_gene_variant,MODIFIER,KAGFDIAF_01023,GENE_KAGFDIAF_01023,transcript,TRANSCRIPT_KAGFDIAF_01023,protein_coding,,c.*1989T>A,,,,,1989.0,,A,downstream_gene_variant,MODIFIER,KAGFDIAF_01024,GENE_KAGFDIAF_01024,transcript,TRANSCRIPT_KAGFDIAF_01024,protein_coding,,c.*1657T>A,,,,,1657.0,,A,downstream_gene_variant,MODIFIER,KAGFDIAF_01028,GENE_KAGFDIAF_01028,transcript,TRANSCRIPT_KAGFDIAF_01028,protein_coding,,c.*830A>T,,,,,830.0,,A,downstream_gene_variant,MODIFIER,KAGFDIAF_01029,GENE_KAGFDIAF_01029,transcript,TRANSCRIPT_KAGFDIAF_01029,protein_coding,,c.*1572A>T,,,,,1572.0,,A,downstream_gene_variant,MODIFIER,KAGFDIAF_01030,GENE_KAGFDIAF_01030,transcript,TRANSCRIPT_KAGFDIAF_01030,protein_coding,,c.*1945A>T,,,,,1945.0,,A,downstream_gene_variant,MODIFIER,KAGFDIAF_01031,GENE_KAGFDIAF_01031,transcript,TRANSCRIPT_KAGFDIAF_01031,protein_coding,,c.*3296A>T,,,,,3296.0,,A,downstream_gene_variant,MODIFIER,KAGFDIAF_01032,GENE_KAGFDIAF_01032,transcript,TRANSCRIPT_KAGFDIAF_01032,protein_coding,,c.*4395A>T,,,,,4395.0,,,,,,,,,,,,,,,,,,,,,,,,,,,,,,,,,,,,,,,,,,,,,,,,,,,,,,,,,,,,,,,,,,,,,,,,,,,,,,,,,,,,,,,,,,,,,,,,,,,,,,,,,,,,,,,,,,,,,,,,,,,,,,,,,,,,,,,,,,,,,,,,,,,,,,,,,,,,,,,,,,,,,,,,,,,,,,,,,,,,,,,,,,,,,,,,,,,,,,,,,,,,,,,,,,,,,,,,,,,,,,,,,,,,,,,,,,,,,,,,,,,,,,,,,,,,,,,,,,,,,,,,,,,,,,,,,,,,,,,,,,,,,,,,,
NODE_47_length_19935_cov_4.144920,15935,GAAAA,GAAAAA,228.231,42.0,GAAAAA,frameshift_variant,HIGH,KAGFDIAF_01225,GENE_KAGFDIAF_01225,transcript,TRANSCRIPT_KAGFDIAF_01225,protein_coding,1/1,c.844dupA,p.Met282fs,845/900,845/900,282/299,,,GAAAAA,upstream_gene_variant,MODIFIER,KAGFDIAF_01223,GENE_KAGFDIAF_01223,transcript,TRANSCRIPT_KAGFDIAF_01223,protein_coding,,c.-2501_-2500insT,,,,,2501,,GAAAAA,upstream_gene_variant,MODIFIER,KAGFDIAF_01224,GENE_KAGFDIAF_01224,transcript,TRANSCRIPT_KAGFDIAF_01224,protein_coding,,c.-998_-997insT,,,,,998.0,,GAAAAA,upstream_gene_variant,MODIFIER,KAGFDIAF_01226,GENE_KAGFDIAF_01226,transcript,TRANSCRIPT_KAGFDIAF_01226,protein_coding,,c.-168dupA,,,,,167.0,,GAAAAA,upstream_gene_variant,MODIFIER,KAGFDIAF_01227,GENE_KAGFDIAF_01227,transcript,TRANSCRIPT_KAGFDIAF_01227,protein_coding,,c.-1005dupA,,,,,1004.0,,GAAAAA,upstream_gene_variant,MODIFIER,KAGFDIAF_01228,GENE_KAGFDIAF_01228,transcript,TRANSCRIPT_KAGFDIAF_01228,protein_coding,,c.-2645dupA,,,,,2644.0,,GAAAAA,downstream_gene_variant,MODIFIER,KAGFDIAF_01229,GENE_KAGFDIAF_01229,transcript,TRANSCRIPT_KAGFDIAF_01229,protein_coding,,c.*3544_*3545insT,,,,,3544.0,WARNING_TRANSCRIPT_NO_START_CODON,,,,,,,,,,,,,,,,,,,,,,,,,,,,,,,,,,,,,,,,,,,,,,,,,,,,,,,,,,,,,,,,,,,,,,,,,,,,,,,,,,,,,,,,,,,,,,,,,,,,,,,,,,,,,,,,,,,,,,,,,,,,,,,,,,,,,,,,,,,,,,,,,,,,,,,,,,,,,,,,,,,,,,,,,,,,,,,,,,,,,,,,,,,,,,,,,,,,,,,,,,,,,,,,,,,,,,,,,,,,,,,,,,,,,,,,,,,,,,,,,,,,,,,,,,,,,,,,,,,,,,,,,,,,,,,,,,,,,,,,,,,,,,,,,,,,,,,,,,,,,,,,,,,,,,,,,,,,,,,,,,,,,,,,,,,,,,,,,,,,,,,,,,,,,,,,,,,,,,,,,,,,,,,,
NODE_106_length_12735_cov_4.212618,1060,T,A,225.417,25.0,A,stop_lost&splice_region_variant,HIGH,KAGFDIAF_02079,GENE_KAGFDIAF_02079,transcript,TRANSCRIPT_KAGFDIAF_02079,protein_coding,1/1,c.1970A>T,p.Ter657Leuext*?,1970/1971,1970/1971,657/656,,,A,upstream_gene_variant,MODIFIER,KAGFDIAF_02077,GENE_KAGFDIAF_02077,transcript,TRANSCRIPT_KAGFDIAF_02077,protein_coding,,c.-717A>T,,,,,717,,A,upstream_gene_variant,MODIFIER,KAGFDIAF_02078,GENE_KAGFDIAF_02078,transcript,TRANSCRIPT_KAGFDIAF_02078,protein_coding,,c.-17A>T,,,,,17.0,,A,upstream_gene_variant,MODIFIER,KAGFDIAF_02081,GENE_KAGFDIAF_02081,transcript,TRANSCRIPT_KAGFDIAF_02081,protein_coding,,c.-3921T>A,,,,,3921.0,,A,upstream_gene_variant,MODIFIER,KAGFDIAF_02082,GENE_KAGFDIAF_02082,transcript,TRANSCRIPT_KAGFDIAF_02082,protein_coding,,c.-4203T>A,,,,,4203.0,,A,downstream_gene_variant,MODIFIER,KAGFDIAF_02080,GENE_KAGFDIAF_02080,transcript,TRANSCRIPT_KAGFDIAF_02080,protein_coding,,c.*1992A>T,,,,,1992.0,,,,,,,,,,,,,,,,,,,,,,,,,,,,,,,,,,,,,,,,,,,,,,,,,,,,,,,,,,,,,,,,,,,,,,,,,,,,,,,,,,,,,,,,,,,,,,,,,,,,,,,,,,,,,,,,,,,,,,,,,,,,,,,,,,,,,,,,,,,,,,,,,,,,,,,,,,,,,,,,,,,,,,,,,,,,,,,,,,,,,,,,,,,,,,,,,,,,,,,,,,,,,,,,,,,,,,,,,,,,,,,,,,,,,,,,,,,,,,,,,,,,,,,,,,,,,,,,,,,,,,,,,,,,,,,,,,,,,,,,,,,,,,,,,,,,,,,,,,,,,,,,,,,,,,,,,,,,,,,,,,,,,,,,,,,,,,,,,,,,,,,,,,,,,,,,,,,,,,,,,,,,,,,,,,,,,,,,,,,,,,,,,
NODE_106_length_12735_cov_4.212618,5233,T,A,225.417,30.0,A,stop_lost&splice_region_variant,HIGH,KAGFDIAF_02081,GENE_KAGFDIAF_02081,transcript,TRANSCRIPT_KAGFDIAF_02081,protein_coding,1/1,c.253T>A,p.Ter85Lysext*?,253/255,253/255,85/84,,,A,upstream_gene_variant,MODIFIER,KAGFDIAF_02077,GENE_KAGFDIAF_02077,transcript,TRANSCRIPT_KAGFDIAF_02077,protein_coding,,c.-4890A>T,,,,,4890,,A,upstream_gene_variant,MODIFIER,KAGFDIAF_02078,GENE_KAGFDIAF_02078,transcript,TRANSCRIPT_KAGFDIAF_02078,protein_coding,,c.-4190A>T,,,,,4190.0,,A,upstream_gene_variant,MODIFIER,KAGFDIAF_02079,GENE_KAGFDIAF_02079,transcript,TRANSCRIPT_KAGFDIAF_02079,protein_coding,,c.-2204A>T,,,,,2204.0,,A,upstream_gene_variant,MODIFIER,KAGFDIAF_02080,GENE_KAGFDIAF_02080,transcript,TRANSCRIPT_KAGFDIAF_02080,protein_coding,,c.-679A>T,,,,,679.0,,A,upstream_gene_variant,MODIFIER,KAGFDIAF_02082,GENE_KAGFDIAF_02082,transcript,TRANSCRIPT_KAGFDIAF_02082,protein_coding,,c.-30T>A,,,,,30.0,,A,downstream_gene_variant,MODIFIER,KAGFDIAF_02083,GENE_KAGFDIAF_02083,transcript,TRANSCRIPT_KAGFDIAF_02083,protein_coding,,c.*913A>T,,,,,913.0,,A,downstream_gene_variant,MODIFIER,KAGFDIAF_02084,GENE_KAGFDIAF_02084,transcript,TRANSCRIPT_KAGFDIAF_02084,protein_coding,,c.*2336A>T,,,,,2336.0,,A,downstream_gene_variant,MODIFIER,KAGFDIAF_02085,GENE_KAGFDIAF_02085,transcript,TRANSCRIPT_KAGFDIAF_02085,protein_coding,,c.*2964A>T,,,,,2964.0,,A,downstream_gene_variant,MODIFIER,KAGFDIAF_02086,GENE_KAGFDIAF_02086,transcript,TRANSCRIPT_KAGFDIAF_02086,protein_coding,,c.*3396A>T,,,,,3396.0,,A,downstream_gene_variant,MODIFIER,KAGFDIAF_02087,GENE_KAGFDIAF_02087,transcript,TRANSCRIPT_KAGFDIAF_02087,protein_coding,,c.*3787A>T,,,,,3787.0,,A,downstream_gene_variant,MODIFIER,KAGFDIAF_02088,GENE_KAGFDIAF_02088,transcript,TRANSCRIPT_KAGFDIAF_02088,protein_coding,,c.*4283A>T,,,,,4283.0,,,,,,,,,,,,,,,,,,,,,,,,,,,,,,,,,,,,,,,,,,,,,,,,,,,,,,,,,,,,,,,,,,,,,,,,,,,,,,,,,,,,,,,,,,,,,,,,,,,,,,,,,,,,,,,,,,,,,,,,,,,,,,,,,,,,,,,,,,,,,,,,,,,,,,,,,,,,,,,,,,,,,,,,,,,,,,,,,,,,,,,,,,,,,,,,,,,,,,,,,,,,,,,,,,,,,,,,,,,,,,,,,,,,,,,,,,,,,,,,,,,,,,,,,,,,,,,,,,,,,,,,,,,,,,,,,,,,,,,,,,,,,,,,,
NODE_108_length_12718_cov_4.092711,12416,A,C,225.417,31.0,C,stop_lost&splice_region_variant,HIGH,KAGFDIAF_02112,GENE_KAGFDIAF_02112,transcript,TRANSCRIPT_KAGFDIAF_02112,protein_coding,1/1,c.284A>C,p.Ter95Serext*?,284/285,284/285,95/94,,,C,upstream_gene_variant,MODIFIER,KAGFDIAF_02109,GENE_KAGFDIAF_02109,transcript,TRANSCRIPT_KAGFDIAF_02109,protein_coding,,c.-2710T>G,,,,,2710,,C,upstream_gene_variant,MODIFIER,KAGFDIAF_02111,GENE_KAGFDIAF_02111,transcript,TRANSCRIPT_KAGFDIAF_02111,protein_coding,,c.-443T>G,,,,,443.0,,C,upstream_gene_variant,MODIFIER,KAGFDIAF_02113,GENE_KAGFDIAF_02113,transcript,TRANSCRIPT_KAGFDIAF_02113,protein_coding,,c.-80A>C,,,,,80.0,,C,downstream_gene_variant,MODIFIER,KAGFDIAF_02110,GENE_KAGFDIAF_02110,transcript,TRANSCRIPT_KAGFDIAF_02110,protein_coding,,c.*1178A>C,,,,,1178.0,,,,,,,,,,,,,,,,,,,,,,,,,,,,,,,,,,,,,,,,,,,,,,,,,,,,,,,,,,,,,,,,,,,,,,,,,,,,,,,,,,,,,,,,,,,,,,,,,,,,,,,,,,,,,,,,,,,,,,,,,,,,,,,,,,,,,,,,,,,,,,,,,,,,,,,,,,,,,,,,,,,,,,,,,,,,,,,,,,,,,,,,,,,,,,,,,,,,,,,,,,,,,,,,,,,,,,,,,,,,,,,,,,,,,,,,,,,,,,,,,,,,,,,,,,,,,,,,,,,,,,,,,,,,,,,,,,,,,,,,,,,,,,,,,,,,,,,,,,,,,,,,,,,,,,,,,,,,,,,,,,,,,,,,,,,,,,,,,,,,,,,,,,,,,,,,,,,,,,,,,,,,,,,,,,,,,,,,,,,,,,,,,,,,,,,,,,,,,,,,,
NODE_110_length_12669_cov_3.564769,1740,TGGG,TGG,199.416,17.0,TGG,frameshift_variant,HIGH,KAGFDIAF_02126,GENE_KAGFDIAF_02126,transcript,TRANSCRIPT_KAGFDIAF_02126,protein_coding,1/1,c.284delG,p.Gly95fs,284/291,284/291,95/96,,,TGG,upstream_gene_variant,MODIFIER,KAGFDIAF_02127,GENE_KAGFDIAF_02127,transcript,TRANSCRIPT_KAGFDIAF_02127,protein_coding,,c.-33delG,,,,,33,WARNING_TRANSCRIPT_NO_START_CODON,TGG,upstream_gene_variant,MODIFIER,KAGFDIAF_02128,GENE_KAGFDIAF_02128,transcript,TRANSCRIPT_KAGFDIAF_02128,protein_coding,,c.-871delG,,,,,871.0,WARNING_TRANSCRIPT_NO_START_CODON,TGG,upstream_gene_variant,MODIFIER,KAGFDIAF_02129,GENE_KAGFDIAF_02129,transcript,TRANSCRIPT_KAGFDIAF_02129,protein_coding,,c.-1646delG,,,,,1646.0,,TGG,upstream_gene_variant,MODIFIER,KAGFDIAF_02131,GENE_KAGFDIAF_02131,transcript,TRANSCRIPT_KAGFDIAF_02131,protein_coding,,c.-4285delG,,,,,4285.0,,TGG,upstream_gene_variant,MODIFIER,KAGFDIAF_02132,GENE_KAGFDIAF_02132,transcript,TRANSCRIPT_KAGFDIAF_02132,protein_coding,,c.-4638delG,,,,,4638.0,,TGG,downstream_gene_variant,MODIFIER,KAGFDIAF_02125,GENE_KAGFDIAF_02125,transcript,TRANSCRIPT_KAGFDIAF_02125,protein_coding,,c.*298delG,,,,,298.0,,TGG,downstream_gene_variant,MODIFIER,KAGFDIAF_02130,GENE_KAGFDIAF_02130,transcript,TRANSCRIPT_KAGFDIAF_02130,protein_coding,,c.*3077delC,,,,,3077.0,,,,,,,,,,,,,,,,,,,,,,,,,,,,,,,,,,,,,,,,,,,,,,,,,,,,,,,,,,,,,,,,,,,,,,,,,,,,,,,,,,,,,,,,,,,,,,,,,,,,,,,,,,,,,,,,,,,,,,,,,,,,,,,,,,,,,,,,,,,,,,,,,,,,,,,,,,,,,,,,,,,,,,,,,,,,,,,,,,,,,,,,,,,,,,,,,,,,,,,,,,,,,,,,,,,,,,,,,,,,,,,,,,,,,,,,,,,,,,,,,,,,,,,,,,,,,,,,,,,,,,,,,,,,,,,,,,,,,,,,,,,,,,,,,,,,,,,,,,,,,,,,,,,,,,,,,,,,,,,,,,,,,,,,,,,,,,,,,,,,,,,,,,,,,,,,,
NODE_124_length_11842_cov_4.158395,9973,TCGGCGCGGCGCGGCGCGG,TCGGCGCGGCGCGG,228.219,53.0,TCGGCGCGGCGCGG,frameshift_variant,HIGH,KAGFDIAF_02300,GENE_KAGFDIAF_02300,transcript,TRANSCRIPT_KAGFDIAF_02300,protein_coding,1/1,c.862_866delCCGCG,p.Ala292fs,866/912,862/912,288/303,,,TCGGCGCGGCGCGG,upstream_gene_variant,MODIFIER,KAGFDIAF_02296,GENE_KAGFDIAF_02296,transcript,TRANSCRIPT_KAGFDIAF_02296,protein_coding,,c.-3480_-3476delCCGCG,,,,,3476,,TCGGCGCGGCGCGG,upstream_gene_variant,MODIFIER,KAGFDIAF_02297,GENE_KAGFDIAF_02297,transcript,TRANSCRIPT_KAGFDIAF_02297,protein_coding,,c.-2062_-2058delCCGCG,,,,,2058.0,,TCGGCGCGGCGCGG,upstream_gene_variant,MODIFIER,KAGFDIAF_02298,GENE_KAGFDIAF_02298,transcript,TRANSCRIPT_KAGFDIAF_02298,protein_coding,,c.-772_-768delCCGCG,,,,,768.0,,TCGGCGCGGCGCGG,upstream_gene_variant,MODIFIER,KAGFDIAF_02299,GENE_KAGFDIAF_02299,transcript,TRANSCRIPT_KAGFDIAF_02299,protein_coding,,c.-65_-61delCCGCG,,,,,61.0,WARNING_TRANSCRIPT_NO_START_CODON,TCGGCGCGGCGCGG,upstream_gene_variant,MODIFIER,KAGFDIAF_02301,GENE_KAGFDIAF_02301,transcript,TRANSCRIPT_KAGFDIAF_02301,protein_coding,,c.-1046_-1042delCGCGG,,,,,1046.0,,TCGGCGCGGCGCGG,upstream_gene_variant,MODIFIER,KAGFDIAF_02302,GENE_KAGFDIAF_02302,transcript,TRANSCRIPT_KAGFDIAF_02302,protein_coding,,c.-1288_-1284delCGCGG,,,,,1288.0,,,,,,,,,,,,,,,,,,,,,,,,,,,,,,,,,,,,,,,,,,,,,,,,,,,,,,,,,,,,,,,,,,,,,,,,,,,,,,,,,,,,,,,,,,,,,,,,,,,,,,,,,,,,,,,,,,,,,,,,,,,,,,,,,,,,,,,,,,,,,,,,,,,,,,,,,,,,,,,,,,,,,,,,,,,,,,,,,,,,,,,,,,,,,,,,,,,,,,,,,,,,,,,,,,,,,,,,,,,,,,,,,,,,,,,,,,,,,,,,,,,,,,,,,,,,,,,,,,,,,,,,,,,,,,,,,,,,,,,,,,,,,,,,,,,,,,,,,,,,,,,,,,,,,,,,,,,,,,,,,,,,,,,,,,,,,,,,,,,,,,,,,,,,,,,,,,,,,,,,,,,,,,,,,
NODE_142_length_10787_cov_4.290719,4697,TGGGG,TGGG,228.101,70.0,TGGG,frameshift_variant,HIGH,KAGFDIAF_02490,GENE_KAGFDIAF_02490,transcript,TRANSCRIPT_KAGFDIAF_02490,protein_coding,1/1,c.168delG,p.Glu58fs,168/1233,168/1233,56/410,,,TGGG,upstream_gene_variant,MODIFIER,KAGFDIAF_02485,GENE_KAGFDIAF_02485,transcript,TRANSCRIPT_KAGFDIAF_02485,protein_coding,,c.-4413delC,,,,,4413,,TGGG,upstream_gene_variant,MODIFIER,KAGFDIAF_02486,GENE_KAGFDIAF_02486,transcript,TRANSCRIPT_KAGFDIAF_02486,protein_coding,,c.-3365delC,,,,,3365.0,,TGGG,upstream_gene_variant,MODIFIER,KAGFDIAF_02487,GENE_KAGFDIAF_02487,transcript,TRANSCRIPT_KAGFDIAF_02487,protein_coding,,c.-2693delC,,,,,2693.0,,TGGG,upstream_gene_variant,MODIFIER,KAGFDIAF_02492,GENE_KAGFDIAF_02492,transcript,TRANSCRIPT_KAGFDIAF_02492,protein_coding,,c.-3250delG,,,,,3250.0,WARNING_TRANSCRIPT_NO_START_CODON,TGGG,downstream_gene_variant,MODIFIER,KAGFDIAF_02488,GENE_KAGFDIAF_02488,transcript,TRANSCRIPT_KAGFDIAF_02488,protein_coding,,c.*1619delG,,,,,1619.0,,TGGG,downstream_gene_variant,MODIFIER,KAGFDIAF_02489,GENE_KAGFDIAF_02489,transcript,TRANSCRIPT_KAGFDIAF_02489,protein_coding,,c.*188delG,,,,,188.0,WARNING_TRANSCRIPT_NO_START_CODON,TGGG,downstream_gene_variant,MODIFIER,KAGFDIAF_02491,GENE_KAGFDIAF_02491,transcript,TRANSCRIPT_KAGFDIAF_02491,protein_coding,,c.*1372delC,,,,,1372.0,WARNING_TRANSCRIPT_NO_START_CODON,,,,,,,,,,,,,,,,,,,,,,,,,,,,,,,,,,,,,,,,,,,,,,,,,,,,,,,,,,,,,,,,,,,,,,,,,,,,,,,,,,,,,,,,,,,,,,,,,,,,,,,,,,,,,,,,,,,,,,,,,,,,,,,,,,,,,,,,,,,,,,,,,,,,,,,,,,,,,,,,,,,,,,,,,,,,,,,,,,,,,,,,,,,,,,,,,,,,,,,,,,,,,,,,,,,,,,,,,,,,,,,,,,,,,,,,,,,,,,,,,,,,,,,,,,,,,,,,,,,,,,,,,,,,,,,,,,,,,,,,,,,,,,,,,,,,,,,,,,,,,,,,,,,,,,,,,,,,,,,,,,,,,,,,,,,,,,,,,,,,,,,,,,,,,,,,
NODE_170_length_9384_cov_4.485154,8970,ACCCC,ACCC,195.416,15.0,ACCC,frameshift_variant,HIGH,KAGFDIAF_02769,GENE_KAGFDIAF_02769,transcript,TRANSCRIPT_KAGFDIAF_02769,protein_coding,1/1,c.1195delC,p.Arg399fs,1195/1206,1195/1206,399/401,,,ACCC,frameshift_variant,HIGH,KAGFDIAF_02770,GENE_KAGFDIAF_02770,transcript,TRANSCRIPT_KAGFDIAF_02770,protein_coding,1/1,c.45delC,p.Ala16fs,45/306,45/306,15/101,,,ACCC,downstream_gene_variant,MODIFIER,KAGFDIAF_02763,GENE_KAGFDIAF_02763,transcript,TRANSCRIPT_KAGFDIAF_02763,protein_coding,,c.*4925delC,,,,,4925.0,,ACCC,downstream_gene_variant,MODIFIER,KAGFDIAF_02764,GENE_KAGFDIAF_02764,transcript,TRANSCRIPT_KAGFDIAF_02764,protein_coding,,c.*3928delC,,,,,3928.0,,ACCC,downstream_gene_variant,MODIFIER,KAGFDIAF_02766,GENE_KAGFDIAF_02766,transcript,TRANSCRIPT_KAGFDIAF_02766,protein_coding,,c.*2553delC,,,,,2553.0,,ACCC,downstream_gene_variant,MODIFIER,KAGFDIAF_02767,GENE_KAGFDIAF_02767,transcript,TRANSCRIPT_KAGFDIAF_02767,protein_coding,,c.*1501delC,,,,,1501.0,WARNING_TRANSCRIPT_NO_START_CODON,,,,,,,,,,,,,,,,,,,,,,,,,,,,,,,,,,,,,,,,,,,,,,,,,,,,,,,,,,,,,,,,,,,,,,,,,,,,,,,,,,,,,,,,,,,,,,,,,,,,,,,,,,,,,,,,,,,,,,,,,,,,,,,,,,,,,,,,,,,,,,,,,,,,,,,,,,,,,,,,,,,,,,,,,,,,,,,,,,,,,,,,,,,,,,,,,,,,,,,,,,,,,,,,,,,,,,,,,,,,,,,,,,,,,,,,,,,,,,,,,,,,,,,,,,,,,,,,,,,,,,,,,,,,,,,,,,,,,,,,,,,,,,,,,,,,,,,,,,,,,,,,,,,,,,,,,,,,,,,,,,,,,,,,,,,,,,,,,,,,,,,,,,,,,,,,,,,,,,,,,,,,,,,,,,,,,,,,,,,,,,,,
NODE_225_length_7257_cov_3.901139,1959,ACCCC,ACCC,217.417,20.0,ACCC,frameshift_variant,HIGH,KAGFDIAF_03187,GENE_KAGFDIAF_03187,transcript,TRANSCRIPT_KAGFDIAF_03187,protein_coding,1/1,c.1413delC,p.Gly472fs,1413/1473,1413/1473,471/490,,,ACCC,upstream_gene_variant,MODIFIER,KAGFDIAF_03188,GENE_KAGFDIAF_03188,transcript,TRANSCRIPT_KAGFDIAF_03188,protein_coding,,c.-336delC,,,,,336,WARNING_TRANSCRIPT_NO_START_CODON,ACCC,downstream_gene_variant,MODIFIER,KAGFDIAF_03186,GENE_KAGFDIAF_03186,transcript,TRANSCRIPT_KAGFDIAF_03186,protein_coding,,c.*1428delC,,,,,1428.0,,ACCC,downstream_gene_variant,MODIFIER,KAGFDIAF_03189,GENE_KAGFDIAF_03189,transcript,TRANSCRIPT_KAGFDIAF_03189,protein_coding,,c.*1703delG,,,,,1703.0,,ACCC,downstream_gene_variant,MODIFIER,KAGFDIAF_03190,GENE_KAGFDIAF_03190,transcript,TRANSCRIPT_KAGFDIAF_03190,protein_coding,,c.*2836delG,,,,,2836.0,WARNING_TRANSCRIPT_NO_START_CODON,ACCC,downstream_gene_variant,MODIFIER,KAGFDIAF_03191,GENE_KAGFDIAF_03191,transcript,TRANSCRIPT_KAGFDIAF_03191,protein_coding,,c.*3451delG,,,,,3451.0,,ACCC,downstream_gene_variant,MODIFIER,KAGFDIAF_03192,GENE_KAGFDIAF_03192,transcript,TRANSCRIPT_KAGFDIAF_03192,protein_coding,,c.*4855delG,,,,,4855.0,,,,,,,,,,,,,,,,,,,,,,,,,,,,,,,,,,,,,,,,,,,,,,,,,,,,,,,,,,,,,,,,,,,,,,,,,,,,,,,,,,,,,,,,,,,,,,,,,,,,,,,,,,,,,,,,,,,,,,,,,,,,,,,,,,,,,,,,,,,,,,,,,,,,,,,,,,,,,,,,,,,,,,,,,,,,,,,,,,,,,,,,,,,,,,,,,,,,,,,,,,,,,,,,,,,,,,,,,,,,,,,,,,,,,,,,,,,,,,,,,,,,,,,,,,,,,,,,,,,,,,,,,,,,,,,,,,,,,,,,,,,,,,,,,,,,,,,,,,,,,,,,,,,,,,,,,,,,,,,,,,,,,,,,,,,,,,,,,,,,,,,,,,,,,,,,,,,,,,,,,,,,,,,,,
NODE_252_length_6263_cov_4.177513,1595,T,A,225.417,21.0,A,stop_lost&splice_region_variant,HIGH,KAGFDIAF_03368,GENE_KAGFDIAF_03368,transcript,TRANSCRIPT_KAGFDIAF_03368,protein_coding,1/1,c.835T>A,p.Ter279Lysext*?,835/837,835/837,279/278,,,A,upstream_gene_variant,MODIFIER,KAGFDIAF_03369,GENE_KAGFDIAF_03369,transcript,TRANSCRIPT_KAGFDIAF_03369,protein_coding,,c.-66T>A,,,,,66,,A,upstream_gene_variant,MODIFIER,KAGFDIAF_03370,GENE_KAGFDIAF_03370,transcript,TRANSCRIPT_KAGFDIAF_03370,protein_coding,,c.-358T>A,,,,,358.0,,A,upstream_gene_variant,MODIFIER,KAGFDIAF_03371,GENE_KAGFDIAF_03371,transcript,TRANSCRIPT_KAGFDIAF_03371,protein_coding,,c.-1586T>A,,,,,1586.0,,A,upstream_gene_variant,MODIFIER,KAGFDIAF_03372,GENE_KAGFDIAF_03372,transcript,TRANSCRIPT_KAGFDIAF_03372,protein_coding,,c.-2348T>A,,,,,2348.0,,A,upstream_gene_variant,MODIFIER,KAGFDIAF_03373,GENE_KAGFDIAF_03373,transcript,TRANSCRIPT_KAGFDIAF_03373,protein_coding,,c.-2923T>A,,,,,2923.0,,A,downstream_gene_variant,MODIFIER,KAGFDIAF_03366,GENE_KAGFDIAF_03366,transcript,TRANSCRIPT_KAGFDIAF_03366,protein_coding,,c.*1322T>A,,,,,1322.0,WARNING_TRANSCRIPT_NO_START_CODON,A,downstream_gene_variant,MODIFIER,KAGFDIAF_03367,GENE_KAGFDIAF_03367,transcript,TRANSCRIPT_KAGFDIAF_03367,protein_coding,,c.*831T>A,,,,,831.0,,,,,,,,,,,,,,,,,,,,,,,,,,,,,,,,,,,,,,,,,,,,,,,,,,,,,,,,,,,,,,,,,,,,,,,,,,,,,,,,,,,,,,,,,,,,,,,,,,,,,,,,,,,,,,,,,,,,,,,,,,,,,,,,,,,,,,,,,,,,,,,,,,,,,,,,,,,,,,,,,,,,,,,,,,,,,,,,,,,,,,,,,,,,,,,,,,,,,,,,,,,,,,,,,,,,,,,,,,,,,,,,,,,,,,,,,,,,,,,,,,,,,,,,,,,,,,,,,,,,,,,,,,,,,,,,,,,,,,,,,,,,,,,,,,,,,,,,,,,,,,,,,,,,,,,,,,,,,,,,,,,,,,,,,,,,,,,,,,,,,,,,,,,,,,,,,
NODE_334_length_3908_cov_4.445886,2924,A,G,225.417,17.0,G,stop_lost&splice_region_variant,HIGH,KAGFDIAF_03748,GENE_KAGFDIAF_03748,transcript,TRANSCRIPT_KAGFDIAF_03748,protein_coding,1/1,c.664T>C,p.Ter222Glnext*?,664/666,664/666,222/221,,,G,downstream_gene_variant,MODIFIER,KAGFDIAF_03745,GENE_KAGFDIAF_03745,transcript,TRANSCRIPT_KAGFDIAF_03745,protein_coding,,c.*2285A>G,,,,,2285,,G,downstream_gene_variant,MODIFIER,KAGFDIAF_03746,GENE_KAGFDIAF_03746,transcript,TRANSCRIPT_KAGFDIAF_03746,protein_coding,,c.*1197A>G,,,,,1197.0,,G,downstream_gene_variant,MODIFIER,KAGFDIAF_03747,GENE_KAGFDIAF_03747,transcript,TRANSCRIPT_KAGFDIAF_03747,protein_coding,,c.*318A>G,,,,,318.0,,,,,,,,,,,,,,,,,,,,,,,,,,,,,,,,,,,,,,,,,,,,,,,,,,,,,,,,,,,,,,,,,,,,,,,,,,,,,,,,,,,,,,,,,,,,,,,,,,,,,,,,,,,,,,,,,,,,,,,,,,,,,,,,,,,,,,,,,,,,,,,,,,,,,,,,,,,,,,,,,,,,,,,,,,,,,,,,,,,,,,,,,,,,,,,,,,,,,,,,,,,,,,,,,,,,,,,,,,,,,,,,,,,,,,,,,,,,,,,,,,,,,,,,,,,,,,,,,,,,,,,,,,,,,,,,,,,,,,,,,,,,,,,,,,,,,,,,,,,,,,,,,,,,,,,,,,,,,,,,,,,,,,,,,,,,,,,,,,,,,,,,,,,,,,,,,,,,,,,,,,,,,,,,,,,,,,,,,,,,,,,,,,,,,,,,,,,,,,,,,,,,,,,,,,,,,,,,,
NODE_345_length_3705_cov_4.079178,749,T,A,225.417,30.0,A,stop_lost&splice_region_variant,HIGH,KAGFDIAF_03785,GENE_KAGFDIAF_03785,transcript,TRANSCRIPT_KAGFDIAF_03785,protein_coding,1/1,c.1178A>T,p.Ter393Leuext*?,1178/1179,1178/1179,393/392,,WARNING_TRANSCRIPT_NO_START_CODON,A,upstream_gene_variant,MODIFIER,KAGFDIAF_03784,GENE_KAGFDIAF_03784,transcript,TRANSCRIPT_KAGFDIAF_03784,protein_coding,,c.-184A>T,,,,,184,,A,downstream_gene_variant,MODIFIER,KAGFDIAF_03786,GENE_KAGFDIAF_03786,transcript,TRANSCRIPT_KAGFDIAF_03786,protein_coding,,c.*1270A>T,,,,,1270.0,,A,downstream_gene_variant,MODIFIER,KAGFDIAF_03787,GENE_KAGFDIAF_03787,transcript,TRANSCRIPT_KAGFDIAF_03787,protein_coding,,c.*2233A>T,,,,,2233.0,,,,,,,,,,,,,,,,,,,,,,,,,,,,,,,,,,,,,,,,,,,,,,,,,,,,,,,,,,,,,,,,,,,,,,,,,,,,,,,,,,,,,,,,,,,,,,,,,,,,,,,,,,,,,,,,,,,,,,,,,,,,,,,,,,,,,,,,,,,,,,,,,,,,,,,,,,,,,,,,,,,,,,,,,,,,,,,,,,,,,,,,,,,,,,,,,,,,,,,,,,,,,,,,,,,,,,,,,,,,,,,,,,,,,,,,,,,,,,,,,,,,,,,,,,,,,,,,,,,,,,,,,,,,,,,,,,,,,,,,,,,,,,,,,,,,,,,,,,,,,,,,,,,,,,,,,,,,,,,,,,,,,,,,,,,,,,,,,,,,,,,,,,,,,,,,,,,,,,,,,,,,,,,,,,,,,,,,,,,,,,,,,,,,,,,,,,,,,,,,,,,,,,,,,,,,,,,,,
NODE_347_length_3685_cov_3.553719,2140,T,A,225.417,26.0,A,stop_lost&splice_region_variant,HIGH,KAGFDIAF_03795,GENE_KAGFDIAF_03795,transcript,TRANSCRIPT_KAGFDIAF_03795,protein_coding,1/1,c.435A>T,p.Ter145Cysext*?,435/435,435/435,145/144,,,A,upstream_gene_variant,MODIFIER,KAGFDIAF_03794,GENE_KAGFDIAF_03794,transcript,TRANSCRIPT_KAGFDIAF_03794,protein_coding,,c.-13A>T,,,,,13,WARNING_TRANSCRIPT_NO_START_CODON,A,downstream_gene_variant,MODIFIER,KAGFDIAF_03792,GENE_KAGFDIAF_03792,transcript,TRANSCRIPT_KAGFDIAF_03792,protein_coding,,c.*1251T>A,,,,,1251.0,,A,downstream_gene_variant,MODIFIER,KAGFDIAF_03793,GENE_KAGFDIAF_03793,transcript,TRANSCRIPT_KAGFDIAF_03793,protein_coding,,c.*376T>A,,,,,376.0,,A,downstream_gene_variant,MODIFIER,KAGFDIAF_03796,GENE_KAGFDIAF_03796,transcript,TRANSCRIPT_KAGFDIAF_03796,protein_coding,,c.*541A>T,,,,,541.0,,,,,,,,,,,,,,,,,,,,,,,,,,,,,,,,,,,,,,,,,,,,,,,,,,,,,,,,,,,,,,,,,,,,,,,,,,,,,,,,,,,,,,,,,,,,,,,,,,,,,,,,,,,,,,,,,,,,,,,,,,,,,,,,,,,,,,,,,,,,,,,,,,,,,,,,,,,,,,,,,,,,,,,,,,,,,,,,,,,,,,,,,,,,,,,,,,,,,,,,,,,,,,,,,,,,,,,,,,,,,,,,,,,,,,,,,,,,,,,,,,,,,,,,,,,,,,,,,,,,,,,,,,,,,,,,,,,,,,,,,,,,,,,,,,,,,,,,,,,,,,,,,,,,,,,,,,,,,,,,,,,,,,,,,,,,,,,,,,,,,,,,,,,,,,,,,,,,,,,,,,,,,,,,,,,,,,,,,,,,,,,,,,,,,,,,,,,,,,,,,
NODE_418_length_2297_cov_3.984389,451,T,A,225.417,16.0,A,stop_lost&splice_region_variant,HIGH,KAGFDIAF_04002,GENE_KAGFDIAF_04002,transcript,TRANSCRIPT_KAGFDIAF_04002,protein_coding,1/1,c.421T>A,p.Ter141Lysext*?,421/423,421/423,141/140,,WARNING_TRANSCRIPT_NO_START_CODON,A,upstream_gene_variant,MODIFIER,KAGFDIAF_04003,GENE_KAGFDIAF_04003,transcript,TRANSCRIPT_KAGFDIAF_04003,protein_coding,,c.-21T>A,,,,,21,,A,upstream_gene_variant,MODIFIER,KAGFDIAF_04004,GENE_KAGFDIAF_04004,transcript,TRANSCRIPT_KAGFDIAF_04004,protein_coding,,c.-365T>A,,,,,365.0,,,,,,,,,,,,,,,,,,,,,,,,,,,,,,,,,,,,,,,,,,,,,,,,,,,,,,,,,,,,,,,,,,,,,,,,,,,,,,,,,,,,,,,,,,,,,,,,,,,,,,,,,,,,,,,,,,,,,,,,,,,,,,,,,,,,,,,,,,,,,,,,,,,,,,,,,,,,,,,,,,,,,,,,,,,,,,,,,,,,,,,,,,,,,,,,,,,,,,,,,,,,,,,,,,,,,,,,,,,,,,,,,,,,,,,,,,,,,,,,,,,,,,,,,,,,,,,,,,,,,,,,,,,,,,,,,,,,,,,,,,,,,,,,,,,,,,,,,,,,,,,,,,,,,,,,,,,,,,,,,,,,,,,,,,,,,,,,,,,,,,,,,,,,,,,,,,,,,,,,,,,,,,,,,,,,,,,,,,,,,,,,,,,,,,,,,,,,,,,,,,,,,,,,,,,,,,,,,,,,,,,,,,,,,,,,,
NODE_422_length_2271_cov_4.346119,1828,T,A,39.3526,33.0,A,stop_lost&splice_region_variant,HIGH,KAGFDIAF_04009,GENE_KAGFDIAF_04009,transcript,TRANSCRIPT_KAGFDIAF_04009,protein_coding,1/1,c.514T>A,p.Ter172Lysext*?,514/516,514/516,172/171,,,A,downstream_gene_variant,MODIFIER,KAGFDIAF_04008,GENE_KAGFDIAF_04008,transcript,TRANSCRIPT_KAGFDIAF_04008,protein_coding,,c.*524T>A,,,,,524,,,,,,,,,,,,,,,,,,,,,,,,,,,,,,,,,,,,,,,,,,,,,,,,,,,,,,,,,,,,,,,,,,,,,,,,,,,,,,,,,,,,,,,,,,,,,,,,,,,,,,,,,,,,,,,,,,,,,,,,,,,,,,,,,,,,,,,,,,,,,,,,,,,,,,,,,,,,,,,,,,,,,,,,,,,,,,,,,,,,,,,,,,,,,,,,,,,,,,,,,,,,,,,,,,,,,,,,,,,,,,,,,,,,,,,,,,,,,,,,,,,,,,,,,,,,,,,,,,,,,,,,,,,,,,,,,,,,,,,,,,,,,,,,,,,,,,,,,,,,,,,,,,,,,,,,,,,,,,,,,,,,,,,,,,,,,,,,,,,,,,,,,,,,,,,,,,,,,,,,,,,,,,,,,,,,,,,,,,,,,,,,,,,,,,,,,,,,,,,,,,,,,,,,,,,,,,,,,,,,,,,,,,,,,,,,,,,,,,,,,,,,,,,,,
